{"_type":"export","__export_format":4,"__export_date":"2024-11-11T15:33:37.652Z","__export_source":"insomnia.desktop.app:v10.1.1","resources":[{"_id":"req_3647f8589d1744fe9859e8e54d089117","parentId":"fld_1d6b57fe57814974a01589a9f824b207","modified":1731253433267,"created":1731252845179,"url":"{{ _.base_url }}/languages","name":"Change Language","description":"","method":"POST","body":{"mimeType":"application/json","text":"{\n\t\"lang\": \"pt-BR\"\n}"},"parameters":[],"headers":[{"name":"Content-Type","value":"application/json"},{"name":"User-Agent","value":"insomnia/10.1.1"}],"authentication":{},"metaSortKey":-1731252845179,"isPrivate":false,"pathParameters":[],"settingStoreCookies":true,"settingSendCookies":true,"settingDisableRenderRequestBody":false,"settingEncodeUrl":true,"settingRebuildPath":true,"settingFollowRedirects":"global","_type":"request"},{"_id":"fld_1d6b57fe57814974a01589a9f824b207","parentId":"wrk_b7787b3daede4946ae1e58e0b8e4eefd","modified":1731252841844,"created":1731252837119,"name":"Language","description":"","environment":{},"environmentPropertyOrder":null,"metaSortKey":-1731212436740,"_type":"request_group"},{"_id":"wrk_b7787b3daede4946ae1e58e0b8e4eefd","parentId":null,"modified":1731208225459,"created":1731208225459,"name":"Loja WebAcademy","description":"","scope":"collection","_type":"workspace"},{"_id":"req_f57fee01da5349c19af832d47f204437","parentId":"fld_1a8fe0536f0c493d9d16868e358d367c","modified":1731277535538,"created":1731276512692,"url":"{{ _.base_url }}/logout","name":"Logout","description":"","method":"GET","body":{},"parameters":[],"headers":[{"name":"User-Agent","value":"insomnia/10.1.1"}],"authentication":{},"metaSortKey":-1731276512692,"isPrivate":false,"pathParameters":[],"settingStoreCookies":true,"settingSendCookies":true,"settingDisableRenderRequestBody":false,"settingEncodeUrl":true,"settingRebuildPath":true,"settingFollowRedirects":"global","_type":"request"},{"_id":"fld_1a8fe0536f0c493d9d16868e358d367c","parentId":"wrk_b7787b3daede4946ae1e58e0b8e4eefd","modified":1731212436640,"created":1731212436640,"name":"Auth","description":"","environment":{},"environmentPropertyOrder":null,"metaSortKey":-1731212436640,"_type":"request_group"},{"_id":"req_821d961f3f054bf6b0f5c2611ce59fa5","parentId":"fld_1a8fe0536f0c493d9d16868e358d367c","modified":1731277726942,"created":1731276491990,"url":"{{ _.base_url }}/signup","name":"Sign Up for Client","description":"","method":"POST","body":{"mimeType":"application/json","text":"{\n\t\"firstName\": \"{% faker 'randomFirstName' %}\",\n\t\"lastName\": \"{% faker 'randomLastName' %}\",\n\t\"email\": \"{% faker 'randomEmail' %}\",\n\t\"password\": \"1234\"\n}"},"parameters":[],"headers":[{"name":"Content-Type","value":"application/json"},{"name":"User-Agent","value":"insomnia/10.1.1"}],"authentication":{},"metaSortKey":-1731276491990,"isPrivate":false,"pathParameters":[],"settingStoreCookies":true,"settingSendCookies":true,"settingDisableRenderRequestBody":false,"settingEncodeUrl":true,"settingRebuildPath":true,"settingFollowRedirects":"global","_type":"request"},{"_id":"req_ffc2e5100fcd43d1b42e2fa94331c47a","parentId":"fld_1a8fe0536f0c493d9d16868e358d367c","modified":1731289866567,"created":1731276472087,"url":"{{ _.base_url }}/login","name":"Login for Client","description":"","method":"POST","body":{"mimeType":"application/json","text":"{\n\t\"email\": \"Felix_Stracke@gmail.com\",\n\t\"password\": \"123456\"\n}\n"},"parameters":[],"headers":[{"name":"Content-Type","value":"application/json"},{"name":"User-Agent","value":"insomnia/10.1.1"}],"authentication":{},"metaSortKey":-1731276472087,"isPrivate":false,"pathParameters":[],"settingStoreCookies":true,"settingSendCookies":true,"settingDisableRenderRequestBody":false,"settingEncodeUrl":true,"settingRebuildPath":true,"settingFollowRedirects":"global","_type":"request"},{"_id":"req_856d822da17144a8bcec05cebde73445","parentId":"fld_95fa3e0f331d4ee88dd344effb0bc697","modified":1731289831160,"created":1731247439213,"url":"{{ _.base_url }}/users","name":"Create Admin User","description":"","method":"POST","body":{"mimeType":"application/json","text":"{\n\t\"firstName\": \"{% faker 'randomFirstName', '', '', '', '', '', '', '', '', '', '', '', '', '', '', '', '', '', 'firstName', '', '', '', '', '', '', 'en' %}\",\n\t\"lastName\": \"{% faker 'randomLastName', '', '', '', '', '', '', '', '', '', '', '', '', '', '', '', '', '', 'lastName', '', '', '', '', '', '', 'en' %}\",\n\t\"email\": \"{% faker 'randomEmail', '', '', '', '', '', '', '', '', '', '', '', '', 'email', '', '', '', '', '', '', '', '', '', '', '', 'en' %}\",\n\t\"password\": \"123456\",\n\t\"userTypeId\": \"{{ _.admin_user_id }}\"\n}"},"parameters":[],"headers":[{"name":"Content-Type","value":"application/json"},{"name":"User-Agent","value":"insomnia/10.1.1"}],"authentication":{},"metaSortKey":-1731247439213,"isPrivate":false,"pathParameters":[],"settingStoreCookies":true,"settingSendCookies":true,"settingDisableRenderRequestBody":false,"settingEncodeUrl":true,"settingRebuildPath":true,"settingFollowRedirects":"global","_type":"request"},{"_id":"fld_95fa3e0f331d4ee88dd344effb0bc697","parentId":"wrk_b7787b3daede4946ae1e58e0b8e4eefd","modified":1731210952226,"created":1731210952226,"name":"User","description":"","environment":{},"environmentPropertyOrder":null,"metaSortKey":-1731210952226,"_type":"request_group"},{"_id":"req_12d487c93886465598f4ba6677b4bcc3","parentId":"fld_95fa3e0f331d4ee88dd344effb0bc697","modified":1731211100030,"created":1731211026969,"url":"{{ _.base_url }}/users","name":"Get All Users","description":"","method":"GET","body":{},"parameters":[],"headers":[{"name":"User-Agent","value":"insomnia/8.6.1"}],"authentication":{},"metaSortKey":-1731211026969,"isPrivate":false,"pathParameters":[],"settingStoreCookies":true,"settingSendCookies":true,"settingDisableRenderRequestBody":false,"settingEncodeUrl":true,"settingRebuildPath":true,"settingFollowRedirects":"global","_type":"request"},{"_id":"req_75d9cfc1908141a2999fbca26f75abdb","parentId":"fld_95fa3e0f331d4ee88dd344effb0bc697","modified":1731212295475,"created":1731210971622,"url":"{{ _.base_url }}/users/802bc4be-7aa5-4823-9678-31effeda075b","name":"Read User","description":"","method":"GET","body":{},"parameters":[],"headers":[{"name":"User-Agent","value":"insomnia/8.6.1"}],"authentication":{},"metaSortKey":-1731211016635.75,"isPrivate":false,"pathParameters":[],"settingStoreCookies":true,"settingSendCookies":true,"settingDisableRenderRequestBody":false,"settingEncodeUrl":true,"settingRebuildPath":true,"settingFollowRedirects":"global","_type":"request"},{"_id":"req_4f1c87f4ae44484bbb594aa5bd807d72","parentId":"fld_95fa3e0f331d4ee88dd344effb0bc697","modified":1731254858086,"created":1731210958298,"url":"{{ _.base_url }}/users","name":"Create Client User","description":"","method":"POST","body":{"mimeType":"application/json","text":"{\n\t\"firstName\": \"{% faker 'randomFirstName', '', '', '', '', '', '', '', '', '', '', '', '', '', '', '', '', '', 'firstName', '', '', '', '', '', '', 'en' %}\",\n\t\"lastName\": \"{% faker 'randomLastName', '', '', '', '', '', '', '', '', '', '', '', '', '', '', '', '', '', 'lastName', '', '', '', '', '', '', 'en' %}\",\n\t\"email\": \"{% faker 'randomEmail', '', '', '', '', '', '', '', '', '', '', '', '', 'email', '', '', '', '', '', '', '', '', '', '', '', 'en' %}\",\n\t\"password\": \"{% faker 'randomPassword', '', '', '', '', '', '', '', '', '', '', '', '', 'password', '', '', '', '', '', '', '', '', '', '', '', 'en' %}\",\n\t\"userTypeId\": \"{{ _.client_user_id }}\"\n}"},"parameters":[],"headers":[{"name":"Content-Type","value":"application/json"},{"name":"User-Agent","value":"insomnia/8.6.1"}],"authentication":{},"metaSortKey":-1731211006302.5,"isPrivate":false,"pathParameters":[],"settingStoreCookies":true,"settingSendCookies":true,"settingDisableRenderRequestBody":false,"settingEncodeUrl":true,"settingRebuildPath":true,"settingFollowRedirects":"global","_type":"request"},{"_id":"req_a98269e852b145eb8e6314ed33c5ba14","parentId":"fld_95fa3e0f331d4ee88dd344effb0bc697","modified":1731212356676,"created":1731210985636,"url":"{{ _.base_url }}/users/802bc4be-7aa5-4823-9678-31effeda075b","name":"Update User","description":"","method":"PUT","body":{"mimeType":"application/json","text":"{\n\t\"firstName\": \"Keenanzee\",\n\t\t\"lastName\": \"Herzog\",\n\t\t\"email\": \"Russtat16@hotmail.com\",\n\t\t\"password\": \"yzffGuBSDT8_JvO\",\n\t\t\"userTypeId\": \"d12f4fa0-f970-442b-9430-7818b8d91808\"\n}"},"parameters":[],"headers":[{"name":"Content-Type","value":"application/json"},{"name":"User-Agent","value":"insomnia/8.6.1"}],"authentication":{},"metaSortKey":-1731210985636,"isPrivate":false,"pathParameters":[],"settingStoreCookies":true,"settingSendCookies":true,"settingDisableRenderRequestBody":false,"settingEncodeUrl":true,"settingRebuildPath":true,"settingFollowRedirects":"global","_type":"request"},{"_id":"req_ca74bf90da264036b07bd639b0919099","parentId":"fld_95fa3e0f331d4ee88dd344effb0bc697","modified":1731212404803,"created":1731211068018,"url":"{{ _.base_url }}/users/802bc4be-7aa5-4823-9678-31effeda075b","name":"Delete User","description":"","method":"DELETE","body":{},"parameters":[],"headers":[{"name":"User-Agent","value":"insomnia/8.6.1"}],"authentication":{},"metaSortKey":-1731210985536,"isPrivate":false,"pathParameters":[],"settingStoreCookies":true,"settingSendCookies":true,"settingDisableRenderRequestBody":false,"settingEncodeUrl":true,"settingRebuildPath":true,"settingFollowRedirects":"global","_type":"request"},{"_id":"req_5d79dce48d3a4213b7e7b24aa3ba1f11","parentId":"fld_c3fd5e2d8e884fac930f459e45b67a64","modified":1731252310985,"created":1731208292156,"url":"{{ _.base_url }}/products","name":"Get All Products","description":"","method":"GET","body":{},"parameters":[],"headers":[{"name":"User-Agent","value":"insomnia/8.6.1"}],"authentication":{},"metaSortKey":-1731210883185,"isPrivate":false,"pathParameters":[],"settingStoreCookies":true,"settingSendCookies":true,"settingDisableRenderRequestBody":false,"settingEncodeUrl":true,"settingRebuildPath":true,"settingFollowRedirects":"global","_type":"request"},{"_id":"fld_c3fd5e2d8e884fac930f459e45b67a64","parentId":"wrk_b7787b3daede4946ae1e58e0b8e4eefd","modified":1731208302835,"created":1731208289324,"name":"Products","description":"","environment":{},"environmentPropertyOrder":null,"metaSortKey":-1731208289324,"_type":"request_group"},{"_id":"req_a231bc87e46e4d65be12b945c6c5a0b6","parentId":"fld_c3fd5e2d8e884fac930f459e45b67a64","modified":1731211059431,"created":1731210726554,"url":"{{ _.base_url }}/products/c0ca02d6-527b-4b51-a8a8-b848a90bf79a","name":"Read Product","description":"","method":"GET","body":{},"parameters":[],"headers":[{"name":"User-Agent","value":"insomnia/8.6.1"}],"authentication":{},"metaSortKey":-1731210883135,"isPrivate":false,"pathParameters":[],"settingStoreCookies":true,"settingSendCookies":true,"settingDisableRenderRequestBody":false,"settingEncodeUrl":true,"settingRebuildPath":true,"settingFollowRedirects":"global","_type":"request"},{"_id":"req_8c74229c24a44dcba8f682b9e1360761","parentId":"fld_c3fd5e2d8e884fac930f459e45b67a64","modified":1731278310966,"created":1731208366987,"url":"{{ _.base_url }}/products","name":"Create Product","description":"","method":"POST","body":{"mimeType":"application/json","text":"{\n\t\"name\": \"{% faker 'randomProductName', '', '', '', 'productName', '', '', '', '', '', '', '', '', '', '', '', '', '', '', '', '', '', '', '', '', 'en' %}\",\n\t\"price\": {% faker 'randomPrice', '', '', '', 'price', '', '', '', '', '', '', '', '', '', '', '', '', '', '', '', '', '', '', '', '', 'en' %},\n\t\"stockQuantity\": 50\n}"},"parameters":[],"headers":[{"name":"Content-Type","value":"application/json"},{"name":"User-Agent","value":"insomnia/8.6.1"}],"authentication":{},"metaSortKey":-1731210883110,"isPrivate":false,"pathParameters":[],"settingStoreCookies":true,"settingSendCookies":true,"settingDisableRenderRequestBody":false,"settingEncodeUrl":true,"settingRebuildPath":true,"settingFollowRedirects":"global","_type":"request"},{"_id":"req_e68a0ebb77c446cb9b996cef323181e6","parentId":"fld_c3fd5e2d8e884fac930f459e45b67a64","modified":1731211064019,"created":1731210779523,"url":"{{ _.base_url }}/products/c0ca02d6-527b-4b51-a8a8-b848a90bf79a","name":"Update Product","description":"","method":"PUT","body":{"mimeType":"application/json","text":"{\n\t\"name\": \"Shampoo Not So Very Attractive Men\",\n\t\"price\": \"79.99\",\n\t\"stockQuantity\": 300\n}"},"parameters":[],"headers":[{"name":"Content-Type","value":"application/json"},{"name":"User-Agent","value":"insomnia/8.6.1"}],"authentication":{},"metaSortKey":-1731210883097.5,"isPrivate":false,"pathParameters":[],"settingStoreCookies":true,"settingSendCookies":true,"settingDisableRenderRequestBody":false,"settingEncodeUrl":true,"settingRebuildPath":true,"settingFollowRedirects":"global","_type":"request"},{"_id":"req_4e58f660c9f54d0aa3d1a47d2df4f03c","parentId":"fld_c3fd5e2d8e884fac930f459e45b67a64","modified":1731210932753,"created":1731210883085,"url":"{{ _.base_url }}/products/c0ca02d6-527b-4b51-a8a8-b848a90bf79a","name":"Delete Product","description":"","method":"DELETE","body":{},"parameters":[],"headers":[{"name":"User-Agent","value":"insomnia/8.6.1"}],"authentication":{},"metaSortKey":-1731210883085,"isPrivate":false,"pathParameters":[],"settingStoreCookies":true,"settingSendCookies":true,"settingDisableRenderRequestBody":false,"settingEncodeUrl":true,"settingRebuildPath":true,"settingFollowRedirects":"global","_type":"request"},{"_id":"env_53228ce2c64e95bd04c15557f71c68f6e66630a4","parentId":"wrk_b7787b3daede4946ae1e58e0b8e4eefd","modified":1731211794815,"created":1731208225464,"name":"Base Environment","data":{"base_url":"localhost:7777/v1","admin_user_id":"6c78aa4e-b15e-4228-be8c-58d899bf4136","client_user_id":"d12f4fa0-f970-442b-9430-7818b8d91808"},"dataPropertyOrder":{"&":["base_url","admin_user_id","client_user_id"]},"color":null,"isPrivate":false,"metaSortKey":1731208225464,"_type":"environment"},{"_id":"jar_53228ce2c64e95bd04c15557f71c68f6e66630a4","parentId":"wrk_b7787b3daede4946ae1e58e0b8e4eefd","modified":1731289793353,"created":1731208225467,"name":"Default Jar","cookies":[{"key":"lang","value":"pt-BR","domain":"localhost","path":"/","hostOnly":true,"creation":"2024-11-10T22:21:51.036Z","lastAccessed":"2024-11-10T22:21:51.036Z","id":"0315f629-bba9-43c2-9381-cc72b1d9eba2"},{"key":"connect.sid","value":"s%3Af7e03c64-bca6-49de-9c59-de3e1c225658.zhnsJ5oRC3aBrcyAj6hqZvI85oBP4ou2asjSlJeVhTc","domain":"localhost","path":"/","httpOnly":true,"hostOnly":true,"creation":"2024-11-10T22:21:51.039Z","lastAccessed":"2024-11-11T01:49:53.353Z","id":"235eac92-07a0-4ccc-a673-690a79bed3bb"}],"_type":"cookie_jar"}]}